rmse,mae
0.35564116190040923,0.2747487048479039
