rmse,mae
69.37747173132156,42.99652931825814
