rmse,mae
50.47119104004011,35.441039382631416
