rmse,mae
59.517277714393686,45.95673298262028
