rmse,mae
93.26597137374362,67.34428956443192
