rmse,mae
49.36829125983593,35.00297732968362
