rmse,mae
768.6165285617662,415.1170912449848
