rmse,mae
0.5089114798295468,0.3774851669943463
