rmse,mae
774.2258941406128,427.65505420049004
