rmse,mae
0.33884622701861283,0.2666238307514548
