rmse,mae
108.81352185217973,68.2515630447457
