rmse,mae
116.44854905129998,73.74236795777973
