rmse,mae
958.2192528585882,236.03886260526392
