rmse,mae
90.76047375535363,64.73136459141847
