rmse,mae
58.146470967161356,45.21704139546732
