rmse,mae
45.212629966308235,34.89224236344105
