rmse,mae
46.386016434800375,34.85461854488614
